<?xml version="1.0" encoding="UTF-8"?>
<metadata xml:lang="pt"><Esri><CreaDate>20241215</CreaDate><CreaTime>09464500</CreaTime><ArcGISFormat>1.0</ArcGISFormat><SyncOnce>FALSE</SyncOnce><DataProperties><lineage><Process ToolSource="C:\Program Files (x86)\ArcGIS\Desktop10.0\ArcToolbox\Toolboxes\Data Management Tools.tbx\AddField" Date="20140110" Time="195547">AddField Estruturas_1:500.000\MegaEstruturas_22S SDMBearing LONG 5 # # # NULLABLE NON_REQUIRED #</Process><Process ToolSource="C:\Program Files (x86)\ArcGIS\Desktop10.0\ArcToolbox\Toolboxes\Data Management Tools.tbx\AddField" Date="20140110" Time="195548">AddField Estruturas_1:500.000\MegaEstruturas_22S SDMAzimuth LONG 5 # # # NULLABLE NON_REQUIRED #</Process><Process ToolSource="c:\program files\arcgis\desktop10.2\ArcToolbox\Toolboxes\Data Management Tools.tbx\CalculateField" Date="20150831" Time="104144">CalculateField "Lineamentos gerais\Lineamentos_com_thadeu" Class "NNE" VB #</Process><Process ToolSource="c:\program files\arcgis\desktop10.2\ArcToolbox\Toolboxes\Data Management Tools.tbx\CalculateField" Date="20150901" Time="112547">CalculateField "Lineamentos gerais\Lineamentos_com_thadeu" CINEMÁTIC n VB #</Process><Process ToolSource="c:\program files\arcgis\desktop10.2\ArcToolbox\Toolboxes\Data Management Tools.tbx\CalculateField" Date="20150901" Time="113508">CalculateField "Lineamentos gerais\Lineamentos_com_thadeu" Class "350 - 10" VB #</Process><Process ToolSource="c:\program files\arcgis\desktop10.2\ArcToolbox\Toolboxes\Data Management Tools.tbx\CalculateField" Date="20150901" Time="114131">CalculateField "Lineamentos gerais\Lineamentos_com_thadeu" Class "11 - 30" VB #</Process><Process ToolSource="c:\program files\arcgis\desktop10.2\ArcToolbox\Toolboxes\Data Management Tools.tbx\CalculateField" Date="20150901" Time="114245">CalculateField "Lineamentos gerais\Lineamentos_com_thadeu" Class "350 - 10" VB #</Process><Process ToolSource="c:\program files\arcgis\desktop10.2\ArcToolbox\Toolboxes\Data Management Tools.tbx\CalculateField" Date="20150901" Time="114412">CalculateField "Lineamentos gerais\Lineamentos_com_thadeu" Class "350 - 10" VB #</Process><Process ToolSource="c:\program files\arcgis\desktop10.2\ArcToolbox\Toolboxes\Data Management Tools.tbx\CalculateField" Date="20150902" Time="162106">CalculateField "Lineamentos gerais\Lineamentos_com_thadeu" Class "351 - 10" VB #</Process><Process ToolSource="c:\program files\arcgis\desktop10.2\ArcToolbox\Toolboxes\Data Management Tools.tbx\CalculateField" Date="20150902" Time="162432">CalculateField "Lineamentos gerais\Lineamentos_com_thadeu" Class "31 - 50" VB #</Process><Process ToolSource="c:\program files\arcgis\desktop10.2\ArcToolbox\Toolboxes\Data Management Tools.tbx\CalculateField" Date="20150902" Time="162755">CalculateField "Lineamentos gerais\Lineamentos_com_thadeu" Class "51 - 70" VB #</Process><Process ToolSource="c:\program files\arcgis\desktop10.2\ArcToolbox\Toolboxes\Data Management Tools.tbx\CalculateField" Date="20150902" Time="163016">CalculateField "Lineamentos gerais\Lineamentos_com_thadeu" Class "31 - 50" VB #</Process><Process ToolSource="c:\program files\arcgis\desktop10.2\ArcToolbox\Toolboxes\Data Management Tools.tbx\CalculateField" Date="20150902" Time="163250">CalculateField "Lineamentos gerais\Lineamentos_com_thadeu" Class "71 - 90" VB #</Process><Process ToolSource="c:\program files\arcgis\desktop10.2\ArcToolbox\Toolboxes\Data Management Tools.tbx\CalculateField" Date="20150902" Time="163503">CalculateField "Lineamentos gerais\Lineamentos_com_thadeu" Class "91 - 110" VB #</Process><Process ToolSource="c:\program files\arcgis\desktop10.2\ArcToolbox\Toolboxes\Data Management Tools.tbx\CalculateField" Date="20150902" Time="163801">CalculateField "Lineamentos gerais\Lineamentos_com_thadeu" Class "111 - 130" VB #</Process><Process ToolSource="c:\program files\arcgis\desktop10.2\ArcToolbox\Toolboxes\Data Management Tools.tbx\CalculateField" Date="20150902" Time="164008">CalculateField "Lineamentos gerais\Lineamentos_com_thadeu" Class "131 - 150" VB #</Process><Process ToolSource="c:\program files\arcgis\desktop10.2\ArcToolbox\Toolboxes\Data Management Tools.tbx\CalculateField" Date="20150902" Time="164312">CalculateField "Lineamentos gerais\Lineamentos_com_thadeu" Class "151 - 170" VB #</Process><Process ToolSource="c:\program files\arcgis\desktop10.2\ArcToolbox\Toolboxes\Data Management Tools.tbx\CalculateField" Date="20150902" Time="164426">CalculateField "Lineamentos gerais\Lineamentos_com_thadeu" Class "350 - 10" VB #</Process><Process ToolSource="c:\program files\arcgis\desktop10.2\ArcToolbox\Toolboxes\Data Management Tools.tbx\CalculateField" Date="20150902" Time="170749">CalculateField "Lineamentos gerais\Lineamentos_com_thadeu" Class "351 - 10" VB #</Process><Process ToolSource="c:\program files\arcgis\desktop10.2\ArcToolbox\Toolboxes\Data Management Tools.tbx\CalculateField" Date="20151019" Time="140538">CalculateField "Lineamentos gerais\Lineamentos_com_thadeu" Class "111 - 130" VB #</Process><Process ToolSource="c:\program files\arcgis\desktop10.2\ArcToolbox\Toolboxes\Data Management Tools.tbx\CalculateField" Date="20151019" Time="140615">CalculateField "Lineamentos gerais\Lineamentos_com_thadeu" Class 111-130 VB #</Process><Process ToolSource="c:\program files\arcgis\desktop10.2\ArcToolbox\Toolboxes\Data Management Tools.tbx\CalculateField" Date="20151019" Time="140641">CalculateField "Lineamentos gerais\Lineamentos_com_thadeu" Class " 111 - 130" VB #</Process><Process ToolSource="c:\program files\arcgis\desktop10.2\ArcToolbox\Toolboxes\Data Management Tools.tbx\CalculateField" Date="20151019" Time="140654">CalculateField "Lineamentos gerais\Lineamentos_com_thadeu" Class " (111 - 130)" VB #</Process><Process ToolSource="c:\program files\arcgis\desktop10.2\ArcToolbox\Toolboxes\Data Management Tools.tbx\CalculateField" Date="20151019" Time="140955">CalculateField "Lineamentos gerais\Lineamentos_com_thadeu" Class (111 - 130) VB #</Process><Process ToolSource="c:\program files\arcgis\desktop10.2\ArcToolbox\Toolboxes\Data Management Tools.tbx\CalculateField" Date="20151019" Time="141323">CalculateField "Lineamentos gerais\Lineamentos_com_thadeu" Class "111 - 130" VB #</Process><Process ToolSource="c:\program files\arcgis\desktop10.2\ArcToolbox\Toolboxes\Data Management Tools.tbx\CalculateField" Date="20151019" Time="141418">CalculateField "Lineamentos gerais\Lineamentos_com_thadeu" Class "111 - 130" VB #</Process><Process ToolSource="c:\program files\arcgis\desktop10.2\ArcToolbox\Toolboxes\Data Management Tools.tbx\CalculateField" Date="20151019" Time="143706">CalculateField "Lineamentos gerais\Lineamentos_com_thadeu" Class "111 - 130" VB #</Process><Process ToolSource="c:\program files\arcgis\desktop10.2\ArcToolbox\Toolboxes\Data Management Tools.tbx\CalculateField" Date="20151019" Time="143819">CalculateField "Lineamentos gerais\Lineamentos_com_thadeu" Class "111 - 130" VB #</Process><Process ToolSource="c:\program files\arcgis\desktop10.2\ArcToolbox\Toolboxes\Data Management Tools.tbx\CalculateField" Date="20151019" Time="144005">CalculateField "Lineamentos gerais\Lineamentos_com_thadeu" Class "31 - 50" VB #</Process><Process ToolSource="c:\program files\arcgis\desktop10.2\ArcToolbox\Toolboxes\Data Management Tools.tbx\CalculateField" Date="20151019" Time="144116">CalculateField "Lineamentos gerais\Lineamentos_com_thadeu" Class "51 - 70" VB #</Process><Process ToolSource="c:\program files\arcgis\desktop10.2\ArcToolbox\Toolboxes\Data Management Tools.tbx\CalculateField" Date="20151019" Time="144351">CalculateField "Lineamentos gerais\Lineamentos_com_thadeu" Class "71 - 90" VB #</Process><Process ToolSource="c:\program files\arcgis\desktop10.2\ArcToolbox\Toolboxes\Data Management Tools.tbx\CalculateField" Date="20151019" Time="144535">CalculateField "Lineamentos gerais\Lineamentos_com_thadeu" Class "51 - 70" VB #</Process><Process ToolSource="c:\program files\arcgis\desktop10.2\ArcToolbox\Toolboxes\Data Management Tools.tbx\CalculateField" Date="20151019" Time="145147">CalculateField "Lineamentos gerais\Lineamentos_com_thadeu" Class "31 - 50" VB #</Process><Process ToolSource="c:\program files\arcgis\desktop10.2\ArcToolbox\Toolboxes\Data Management Tools.tbx\CalculateField" Date="20151019" Time="145400">CalculateField "Lineamentos gerais\Lineamentos_com_thadeu" Class "131 - 150" VB #</Process><Process ToolSource="c:\program files\arcgis\desktop10.2\ArcToolbox\Toolboxes\Data Management Tools.tbx\CalculateField" Date="20151019" Time="145551">CalculateField "Lineamentos gerais\Lineamentos_com_thadeu" Class "111 - 130" VB #</Process><Process ToolSource="c:\program files\arcgis\desktop10.2\ArcToolbox\Toolboxes\Data Management Tools.tbx\CalculateField" Date="20151019" Time="145703">CalculateField "Lineamentos gerais\Lineamentos_com_thadeu" Class "91 - 110" VB #</Process><Process ToolSource="c:\program files\arcgis\desktop10.2\ArcToolbox\Toolboxes\Data Management Tools.tbx\CalculateField" Date="20151019" Time="145758">CalculateField "Lineamentos gerais\Lineamentos_com_thadeu" Class "11 - 30" VB #</Process><Process ToolSource="c:\program files (x86)\arcgis\desktop10.3\ArcToolbox\Toolboxes\Data Management Tools.tbx\CalculateField" Date="20161107" Time="160439">CalculateField "Linemanetos geral" Class "11 - 30" VB #</Process><Process ToolSource="c:\program files (x86)\arcgis\desktop10.3\ArcToolbox\Toolboxes\Data Management Tools.tbx\CalculateField" Date="20161107" Time="160654">CalculateField "Linemanetos geral" Class "11 - 30" VB #</Process><Process ToolSource="c:\program files (x86)\arcgis\desktop10.3\ArcToolbox\Toolboxes\Data Management Tools.tbx\CalculateField" Date="20161107" Time="161059">CalculateField "Linemanetos geral" Class "11 - 30" VB #</Process><Process ToolSource="c:\program files (x86)\arcgis\desktop10.3\ArcToolbox\Toolboxes\Data Management Tools.tbx\CalculateField" Date="20161107" Time="161322">CalculateField "Linemanetos geral" Class "31 - 50" VB #</Process><Process ToolSource="c:\program files (x86)\arcgis\desktop10.3\ArcToolbox\Toolboxes\Data Management Tools.tbx\CalculateField" Date="20161107" Time="161719">CalculateField "Linemanetos geral" Class "11 - 30" VB #</Process><Process ToolSource="c:\program files (x86)\arcgis\desktop10.3\ArcToolbox\Toolboxes\Data Management Tools.tbx\CalculateField" Date="20190904" Time="165011">CalculateField Lineamentos\Mono_150 ClassTXT ""N 10 E" if (!Azimute! &gt;= 0 and !Azimute! &lt;= 10) or (!Azimute! &gt;= 180 and !Azimute! &lt;= 190) else "N 20 E" if (!Azimute! &gt; 10 and !Azimute! &lt;= 20) or (!Azimute! &gt; 190 and !Azimute! &lt;= 200) else "N 30 E" if (!Azimute! &gt; 20 and !Azimute! &lt;= 30) or (!Azimute! &gt; 200 and !Azimute! &lt;= 210) else "N 40 E" if (!Azimute! &gt; 30 and !Azimute! &lt;= 40) or (!Azimute! &gt; 210 and !Azimute! &lt;= 220) else "N 50 E" if (!Azimute! &gt; 40 and !Azimute! &lt;= 50) or (!Azimute! &gt; 220 and !Azimute! &lt;= 230) else "N 60 E" if (!Azimute! &gt; 50 and !Azimute! &lt;= 60) or (!Azimute! &gt; 230 and !Azimute! &lt;= 240) else "N 70 E" if (!Azimute! &gt; 60 and !Azimute! &lt;= 70) or (!Azimute! &gt; 240 and !Azimute! &lt;= 250) else "N 80 E" if (!Azimute! &gt; 70 and !Azimute! &lt;= 80) or (!Azimute! &gt; 250 and !Azimute! &lt;= 260) else "N 90 E" if (!Azimute! &gt; 80 and !Azimute! &lt;= 90) or (!Azimute! &gt; 260 and !Azimute! &lt;= 270) else "N 90 W" if (!Azimute! &gt; 90 and !Azimute! &lt;= 100) or (!Azimute! &gt; 270 and !Azimute! &lt;= 280) else "N 80 W" if (!Azimute! &gt; 100 and !Azimute! &lt;= 110) or (!Azimute! &gt; 280 and !Azimute! &lt;= 290) else "N 70 W" if (!Azimute! &gt; 110 and !Azimute! &lt;= 120) or (!Azimute! &gt; 290 and !Azimute! &lt;= 300) else "N 60 W" if (!Azimute! &gt; 120 and !Azimute! &lt;= 130) or (!Azimute! &gt; 300 and !Azimute! &lt;= 310) else "N 50 W" if (!Azimute! &gt; 130 and !Azimute! &lt;= 140) or (!Azimute! &gt; 310 and !Azimute! &lt;= 320) else "N 40 W" if (!Azimute! &gt; 140 and !Azimute! &lt;= 150) or (!Azimute! &gt; 320 and !Azimute! &lt;= 330) else "N 30 W" if (!Azimute! &gt; 150 and !Azimute! &lt;= 160) or (!Azimute! &gt; 330 and !Azimute! &lt;= 340) else "N 20 W" if (!Azimute! &gt; 160 and !Azimute! &lt;= 170) or (!Azimute! &gt; 340 and !Azimute! &lt;= 350) else "N 10 W" if (!Azimute! &gt; 170 and !Azimute! &lt;= 180) or (!Azimute! &gt; 350 and !Azimute! &lt;= 360) else "other"" PYTHON_9.3 #</Process><Process ToolSource="c:\program files (x86)\arcgis\desktop10.3\ArcToolbox\Toolboxes\Data Management Tools.tbx\CalculateField" Date="20190904" Time="165034">CalculateField Lineamentos\Mono_150 ClassTXT ""N 10 E" if (!Azimute! &gt;= 0 and !Azimute! &lt;= 10) or (!Azimute! &gt;= 180 and !Azimute! &lt;= 190) else "N 20 E" if (!Azimute! &gt; 10 and !Azimute! &lt;= 20) or (!Azimute! &gt; 190 and !Azimute! &lt;= 200) else "N 30 E" if (!Azimute! &gt; 20 and !Azimute! &lt;= 30) or (!Azimute! &gt; 200 and !Azimute! &lt;= 210) else "N 40 E" if (!Azimute! &gt; 30 and !Azimute! &lt;= 40) or (!Azimute! &gt; 210 and !Azimute! &lt;= 220) else "N 50 E" if (!Azimute! &gt; 40 and !Azimute! &lt;= 50) or (!Azimute! &gt; 220 and !Azimute! &lt;= 230) else "N 60 E" if (!Azimute! &gt; 50 and !Azimute! &lt;= 60) or (!Azimute! &gt; 230 and !Azimute! &lt;= 240) else "N 70 E" if (!Azimute! &gt; 60 and !Azimute! &lt;= 70) or (!Azimute! &gt; 240 and !Azimute! &lt;= 250) else "N 80 E" if (!Azimute! &gt; 70 and !Azimute! &lt;= 80) or (!Azimute! &gt; 250 and !Azimute! &lt;= 260) else "N 90 E" if (!Azimute! &gt; 80 and !Azimute! &lt;= 90) or (!Azimute! &gt; 260 and !Azimute! &lt;= 270) else "N 90 W" if (!Azimute! &gt; 90 and !Azimute! &lt;= 100) or (!Azimute! &gt; 270 and !Azimute! &lt;= 280) else "N 80 W" if (!Azimute! &gt; 100 and !Azimute! &lt;= 110) or (!Azimute! &gt; 280 and !Azimute! &lt;= 290) else "N 70 W" if (!Azimute! &gt; 110 and !Azimute! &lt;= 120) or (!Azimute! &gt; 290 and !Azimute! &lt;= 300) else "N 60 W" if (!Azimute! &gt; 120 and !Azimute! &lt;= 130) or (!Azimute! &gt; 300 and !Azimute! &lt;= 310) else "N 50 W" if (!Azimute! &gt; 130 and !Azimute! &lt;= 140) or (!Azimute! &gt; 310 and !Azimute! &lt;= 320) else "N 40 W" if (!Azimute! &gt; 140 and !Azimute! &lt;= 150) or (!Azimute! &gt; 320 and !Azimute! &lt;= 330) else "N 30 W" if (!Azimute! &gt; 150 and !Azimute! &lt;= 160) or (!Azimute! &gt; 330 and !Azimute! &lt;= 340) else "N 20 W" if (!Azimute! &gt; 160 and !Azimute! &lt;= 170) or (!Azimute! &gt; 340 and !Azimute! &lt;= 350) else "N 10 W" if (!Azimute! &gt; 170 and !Azimute! &lt;= 180) or (!Azimute! &gt; 350 and !Azimute! &lt;= 360) else "other"" PYTHON_9.3 #</Process><Process ToolSource="c:\program files (x86)\arcgis\desktop10.5\ArcToolbox\Toolboxes\Data Management Tools.tbx\Project" Date="20221215" Time="173211">Project 100k "C:\Users\bsk9\OneDrive - PETROBRAS\Documentos\ArcGIS\Default1.gdb\c100k_Project" PROJCS['SIRGAS_2000_UTM_Zone_23S',GEOGCS['GCS_SIRGAS_2000',DATUM['D_SIRGAS_2000',SPHEROID['GRS_1980',6378137.0,298.257222101]],PRIMEM['Greenwich',0.0],UNIT['Degree',0.0174532925199433]],PROJECTION['Transverse_Mercator'],PARAMETER['False_Easting',500000.0],PARAMETER['False_Northing',10000000.0],PARAMETER['Central_Meridian',-45.0],PARAMETER['Scale_Factor',0.9996],PARAMETER['Latitude_Of_Origin',0.0],UNIT['Meter',1.0]] SIRGAS_2000_To_WGS_1984_1 PROJCS['WGS_1984_UTM_Zone_23S',GEOGCS['GCS_WGS_1984',DATUM['D_WGS_1984',SPHEROID['WGS_1984',6378137.0,298.257223563]],PRIMEM['Greenwich',0.0],UNIT['Degree',0.0174532925199433]],PROJECTION['Transverse_Mercator'],PARAMETER['False_Easting',500000.0],PARAMETER['False_Northing',10000000.0],PARAMETER['Central_Meridian',-45.0],PARAMETER['Scale_Factor',0.9996],PARAMETER['Latitude_Of_Origin',0.0],UNIT['Meter',1.0]] NO_PRESERVE_SHAPE # NO_VERTICAL</Process></lineage><itemProps><itemLocation><linkage Sync="TRUE">file://\\NO00107790\C$\Users\bsk9\OneDrive - PETROBRAS\Documentos\ArcGIS\Default1.gdb</linkage><protocol Sync="TRUE">Local Area Network</protocol></itemLocation><itemName Sync="TRUE">Lin_mono_todos</itemName><imsContentType Sync="TRUE">002</imsContentType><itemSize Sync="TRUE">0.000</itemSize></itemProps><coordRef><type Sync="TRUE">Projected</type><geogcsn Sync="TRUE">GCS_SIRGAS_2000</geogcsn><csUnits Sync="TRUE">Linear Unit: Meter (1.000000)</csUnits><projcsn Sync="TRUE">SIRGAS_2000_UTM_Zone_23S</projcsn><peXml Sync="TRUE">&lt;ProjectedCoordinateSystem xsi:type='typens:ProjectedCoordinateSystem' xmlns:xsi='http://www.w3.org/2001/XMLSchema-instance' xmlns:xs='http://www.w3.org/2001/XMLSchema' xmlns:typens='http://www.esri.com/schemas/ArcGIS/10.3'&gt;&lt;WKT&gt;PROJCS[&amp;quot;SIRGAS_2000_UTM_Zone_23S&amp;quot;,GEOGCS[&amp;quot;GCS_SIRGAS_2000&amp;quot;,DATUM[&amp;quot;D_SIRGAS_2000&amp;quot;,SPHEROID[&amp;quot;GRS_1980&amp;quot;,6378137.0,298.257222101]],PRIMEM[&amp;quot;Greenwich&amp;quot;,0.0],UNIT[&amp;quot;Degree&amp;quot;,0.0174532925199433]],PROJECTION[&amp;quot;Transverse_Mercator&amp;quot;],PARAMETER[&amp;quot;False_Easting&amp;quot;,500000.0],PARAMETER[&amp;quot;False_Northing&amp;quot;,10000000.0],PARAMETER[&amp;quot;Central_Meridian&amp;quot;,-45.0],PARAMETER[&amp;quot;Scale_Factor&amp;quot;,0.9996],PARAMETER[&amp;quot;Latitude_Of_Origin&amp;quot;,0.0],UNIT[&amp;quot;Meter&amp;quot;,1.0],AUTHORITY[&amp;quot;EPSG&amp;quot;,31983]]&lt;/WKT&gt;&lt;XOrigin&gt;-5120900&lt;/XOrigin&gt;&lt;YOrigin&gt;1900&lt;/YOrigin&gt;&lt;XYScale&gt;450445547.3910538&lt;/XYScale&gt;&lt;ZOrigin&gt;-100000&lt;/ZOrigin&gt;&lt;ZScale&gt;10000&lt;/ZScale&gt;&lt;MOrigin&gt;-100000&lt;/MOrigin&gt;&lt;MScale&gt;10000&lt;/MScale&gt;&lt;XYTolerance&gt;0.001&lt;/XYTolerance&gt;&lt;ZTolerance&gt;0.001&lt;/ZTolerance&gt;&lt;MTolerance&gt;0.001&lt;/MTolerance&gt;&lt;HighPrecision&gt;true&lt;/HighPrecision&gt;&lt;WKID&gt;31983&lt;/WKID&gt;&lt;LatestWKID&gt;31983&lt;/LatestWKID&gt;&lt;/ProjectedCoordinateSystem&gt;</peXml></coordRef><copyHistory><copy source="F:\UERJ\Monografia\Lineamentos\Lin_mono_todos" dest="\\DESKTOP-QOEB2H0\F$\UERJ\SHP\Monografia\Lineamentos\Lin_mono_todos" date="20190703" time="14573800"></copy></copyHistory></DataProperties><SyncDate>20190214</SyncDate><SyncTime>18015600</SyncTime><ModDate>20190214</ModDate><ModTime>18015600</ModTime></Esri><dataIdInfo><envirDesc Sync="TRUE"> Version 6.2 (Build 9200) ; Esri ArcGIS 10.3.0.4284</envirDesc><dataLang><languageCode value="por" Sync="TRUE"></languageCode><countryCode value="BRA" Sync="TRUE"></countryCode></dataLang><idCitation><resTitle Sync="TRUE">Lin_mono_todos</resTitle><presForm><PresFormCd value="005" Sync="TRUE"></PresFormCd></presForm></idCitation><spatRpType><SpatRepTypCd value="001" Sync="TRUE"></SpatRepTypCd></spatRpType></dataIdInfo><mdLang><languageCode value="por" Sync="TRUE"></languageCode><countryCode value="BRA" Sync="TRUE"></countryCode></mdLang><distInfo><distFormat><formatName Sync="TRUE">Shapefile</formatName></distFormat><distTranOps><transSize Sync="TRUE">0.000</transSize></distTranOps></distInfo><mdHrLv><ScopeCd value="005" Sync="TRUE"></ScopeCd></mdHrLv><mdHrLvName Sync="TRUE">dataset</mdHrLvName><refSysInfo><RefSystem><refSysID><identCode code="31983" Sync="TRUE"></identCode><idCodeSpace Sync="TRUE">EPSG</idCodeSpace><idVersion Sync="TRUE">8.2.6</idVersion></refSysID></RefSystem></refSysInfo><spatRepInfo><VectSpatRep><geometObjs Name="Lin_mono_todos"><geoObjTyp><GeoObjTypCd value="002" Sync="TRUE"></GeoObjTypCd></geoObjTyp><geoObjCnt Sync="TRUE">0</geoObjCnt></geometObjs><topLvl><TopoLevCd value="001" Sync="TRUE"></TopoLevCd></topLvl></VectSpatRep></spatRepInfo><spdoinfo><ptvctinf><esriterm Name="Lin_mono_todos"><efeatyp Sync="TRUE">Simple</efeatyp><efeageom code="3" Sync="TRUE"></efeageom><esritopo Sync="TRUE">FALSE</esritopo><efeacnt Sync="TRUE">0</efeacnt><spindex Sync="TRUE">FALSE</spindex><linrefer Sync="TRUE">TRUE</linrefer></esriterm></ptvctinf></spdoinfo><eainfo><detailed Name="Lin_mono_todos"><enttyp><enttypl Sync="TRUE">Lin_mono_todos</enttypl><enttypt Sync="TRUE">Feature Class</enttypt><enttypc Sync="TRUE">0</enttypc></enttyp><attr><attrlabl Sync="TRUE">FID</attrlabl><attalias Sync="TRUE">FID</attalias><attrtype Sync="TRUE">OID</attrtype><attwidth Sync="TRUE">4</attwidth><atprecis Sync="TRUE">0</atprecis><attscale Sync="TRUE">0</attscale><attrdef Sync="TRUE">Internal feature number.</attrdef><attrdefs Sync="TRUE">Esri</attrdefs><attrdomv><udom Sync="TRUE">Sequential unique whole numbers that are automatically generated.</udom></attrdomv></attr><attr><attrlabl Sync="TRUE">Shape</attrlabl><attalias Sync="TRUE">Shape</attalias><attrtype Sync="TRUE">Geometry</attrtype><attwidth Sync="TRUE">0</attwidth><atprecis Sync="TRUE">0</atprecis><attscale Sync="TRUE">0</attscale><attrdef Sync="TRUE">Feature geometry.</attrdef><attrdefs Sync="TRUE">Esri</attrdefs><attrdomv><udom Sync="TRUE">Coordinates defining the features.</udom></attrdomv></attr><attr><attrlabl Sync="TRUE">Tipo</attrlabl><attalias Sync="TRUE">Tipo</attalias><attrtype Sync="TRUE">String</attrtype><attwidth Sync="TRUE">50</attwidth><atprecis Sync="TRUE">0</atprecis><attscale Sync="TRUE">0</attscale></attr><attr><attrlabl Sync="TRUE">SHAPE_Leng</attrlabl><attalias Sync="TRUE">SHAPE_Leng</attalias><attrtype Sync="TRUE">Double</attrtype><attwidth Sync="TRUE">19</attwidth><atprecis Sync="TRUE">0</atprecis><attscale Sync="TRUE">0</attscale></attr><attr><attrlabl Sync="TRUE">Direction</attrlabl><attalias Sync="TRUE">Direction</attalias><attrtype Sync="TRUE">String</attrtype><attwidth Sync="TRUE">12</attwidth><atprecis Sync="TRUE">0</atprecis><attscale Sync="TRUE">0</attscale></attr><attr><attrlabl Sync="TRUE">Class</attrlabl><attalias Sync="TRUE">Class</attalias><attrtype Sync="TRUE">String</attrtype><attwidth Sync="TRUE">50</attwidth><atprecis Sync="TRUE">0</atprecis><attscale Sync="TRUE">0</attscale></attr><attr><attrlabl Sync="TRUE">Estrutura</attrlabl><attalias Sync="TRUE">Estrutura</attalias><attrtype Sync="TRUE">String</attrtype><attwidth Sync="TRUE">50</attwidth><atprecis Sync="TRUE">0</atprecis><attscale Sync="TRUE">0</attscale></attr><attr><attrlabl Sync="TRUE">Extension</attrlabl><attalias Sync="TRUE">Extension</attalias><attrtype Sync="TRUE">Double</attrtype><attwidth Sync="TRUE">19</attwidth><atprecis Sync="TRUE">0</atprecis><attscale Sync="TRUE">0</attscale></attr></detailed></eainfo><mdDateSt Sync="TRUE">20190214</mdDateSt><mdChar><CharSetCd value="004" Sync="TRUE"></CharSetCd></mdChar></metadata>
