<?xml version="1.0" encoding="UTF-8"?>
<metadata xml:lang="pt"><Esri><CreaDate>20241209</CreaDate><CreaTime>11135600</CreaTime><ArcGISFormat>1.0</ArcGISFormat><SyncOnce>TRUE</SyncOnce><DataProperties><lineage><Process ToolSource="c:\temp\desktop10.8\ArcToolbox\Toolboxes\Data Management Tools.tbx\CalculateField" Date="20241209" Time="111356">CalculateField M30_hough azimute GetGeographicalDegrees( !SHAPE! ) PYTHON_9.3 "import math\ndef GetGeographicalDegrees(shape):\n  radian = math.atan2(shape.lastpoint.y - shape.firstpoint.y, \n                      shape.lastpoint.x - shape.firstpoint.x)\n  radian = radian - (math.pi /2 ) # turn minus 90°\n  if (radian &gt; 0):\n     degrees = 360 - ( radian  *  360) / ( 2 * math.pi  ) \n  else:\n     degrees = 360 - ((2* math.pi + radian  ) * 360) / ( 2 * math.pi  ) \n  return degrees \n\n"</Process><Process ToolSource="c:\temp\desktop10.8\ArcToolbox\Toolboxes\Data Management Tools.tbx\CalculateField" Date="20241209" Time="111413">CalculateField M30_hough azimute GetGeographicalDegrees( !SHAPE! ) PYTHON_9.3 "import math\ndef GetGeographicalDegrees(shape):\n  radian = math.atan2(shape.lastpoint.y - shape.firstpoint.y, \n                      shape.lastpoint.x - shape.firstpoint.x)\n  radian = radian - (math.pi /2 ) # turn minus 90°\n  if (radian &gt; 0):\n     degrees = 360 - ( radian  *  360) / ( 2 * math.pi  ) \n  else:\n     degrees = 360 - ((2* math.pi + radian  ) * 360) / ( 2 * math.pi  ) \n  return degrees \n\n"</Process></lineage></DataProperties></Esri></metadata>
